[
  {
    "name": "theme_info",
    "theme_name": "Bheno Theme",
    "theme_version": "1.0.0",
    "theme_author": "TMB",
    "theme_documentation_url": "https:\/\/THEME_DOCUMENTATION_URL.com",
    "theme_support_url": "https:\/\/THEME_SUPPORT_URL.com"
  },
  {
    "name": "t:settings_schema.custom_settings.name",
    "settings": [
      {
        "type": "header",
        "content": "t:settings_schema.custom_settings.settings.header"
      },
      {
        "type": "paragraph",
        "content": "t:settings_schema.custom_settings.settings.paragraph"
      }
    ]
  },
  {
    "name": "t:settings_schema.favicon.name",
    "settings": [
      {
        "type": "image_picker",
        "id": "favicon",
        "label": "t:settings_schema.favicon.settings.label",
        "info": "t:settings_schema.favicon.settings.info"
      }
    ]
  }
]